NAME	ORIGINAL SIZE	AFTER RESTRICTING TO DATASET	STATUS	
METHYLCYTOSINE_DIOXYGENASE_TET_UNIPROT_A0A023HHK9_UNREVIEWED_TARGET_GENES	177	124		
IGLV5_37_TARGET_GENES	636	452		
BDP1_TARGET_GENES	918		Rejected!	
ZSCAN5C_TARGET_GENES	147	124		
SMCHD1_TARGET_GENES	72	36		
ZSCAN5B_TARGET_GENES	84	60		
AHRR_TARGET_GENES	1376		Rejected!	
OVOL3_TARGET_GENES	508	450		
FOXE1_TARGET_GENES	728		Rejected!	
FOXN3_TARGET_GENES	1502		Rejected!	
KMT2D_TARGET_GENES	796		Rejected!	
ZNF197_TARGET_GENES	655		Rejected!	
PRMT5_TARGET_GENES	102	66		
TERT_TARGET_GENES	127	87		
ZNF213_TARGET_GENES	595		Rejected!	
XPO1_TARGET_GENES	29	22		
SETD1A_TARGET_GENES	1428		Rejected!	
ZBTB5_TARGET_GENES	182	164		
TBX3_TARGET_GENES	351	313		
ZBTB7B_TARGET_GENES	1935		Rejected!	
TP73_TARGET_GENES	875		Rejected!	
FOXP2_TARGET_GENES	1931		Rejected!	
NKX2_8_TARGET_GENES	41	31		
MAFG_TARGET_GENES	1893		Rejected!	
PER1_TARGET_GENES	33	22		
ZBTB24_TARGET_GENES	1595		Rejected!	
HOXC11_TARGET_GENES	54	43		
HOXA2_TARGET_GENES	1586		Rejected!	
TBX1_TARGET_GENES	188	147		
CBFA2T2_TARGET_GENES	1694		Rejected!	
LAMTOR5_TARGET_GENES	5		Rejected!	
CREB3_TARGET_GENES	404	353		
SOX15_TARGET_GENES	5		Rejected!	
ZNF292_TARGET_GENES	24	19		
SYNCRIP_TARGET_GENES	21	15		
CREBL2_TARGET_GENES	11		Rejected!	
FOXD2_TARGET_GENES	1253		Rejected!	
LMX1B_TARGET_GENES	30	22		
ZNF354A_TARGET_GENES	31	18		
ZNF623_TARGET_GENES	95	84		
ZBED4_TARGET_GENES	171	158		
PHF2_TARGET_GENES	1485		Rejected!	
ZC3H11A_TARGET_GENES	593		Rejected!	
NR1I2_TARGET_GENES	342	301		
PSIP1_TARGET_GENES	63	45		
FOXH1_TARGET_GENES	924		Rejected!	
GCM2_TARGET_GENES	1980		Rejected!	
WDHD1_TARGET_GENES	203	168		
KLF7_TARGET_GENES	925		Rejected!	
TOX4_TARGET_GENES	191	162		
NKX2_2_TARGET_GENES	1319		Rejected!	
ZNF202_TARGET_GENES	82	60		
PGM3_TARGET_GENES	269	242		
SVIL_TARGET_GENES	22		Rejected!	
WIZ_TARGET_GENES	19	15		
SNAI1_TARGET_GENES	509	404		
CBX7_TARGET_GENES	962		Rejected!	
PTTG1_TARGET_GENES	80	64		
HAND1_TARGET_GENES	481	385		
EGFR_TARGET_GENES	8		Rejected!	
F10_TARGET_GENES	277	216		
HBZ_TARGET_GENES	778		Rejected!	
NPM1_TARGET_GENES	356	306		
GLI1_TARGET_GENES	617	437		
SNRNP70_TARGET_GENES	1009		Rejected!	
HMGB1_TARGET_GENES	1523		Rejected!	
HOXB7_TARGET_GENES	27	24		
HOXC6_TARGET_GENES	1197		Rejected!	
ZSCAN5DP_TARGET_GENES	1363		Rejected!	
GLI3_TARGET_GENES	742		Rejected!	
GLI4_TARGET_GENES	855		Rejected!	
MYBL1_TARGET_GENES	200	163		
RARB_TARGET_GENES	7		Rejected!	
THRA_TARGET_GENES	110	79		
MTHFD1_TARGET_GENES	12		Rejected!	
SKIL_TARGET_GENES	1946		Rejected!	
ZNF250_TARGET_GENES	505	446		
RAG1_TARGET_GENES	1046		Rejected!	
YBX3_TARGET_GENES	54	53		
ZNF708_TARGET_GENES	96	77		
ZNF16_TARGET_GENES	77	67		
ZNF19_TARGET_GENES	13		Rejected!	
ZNF20_TARGET_GENES	6		Rejected!	
ZNF22_TARGET_GENES	1190		Rejected!	
ZNF23_TARGET_GENES	16		Rejected!	
ZNF26_TARGET_GENES	29	21		
ZNF37A_TARGET_GENES	156	129		
ZNF30_TARGET_GENES	1540		Rejected!	
HMGA1_TARGET_GENES	1224		Rejected!	
ZNF7_TARGET_GENES	903		Rejected!	
ZNF8_TARGET_GENES	1048		Rejected!	
HOXB4_TARGET_GENES	1174		Rejected!	
HOXB6_TARGET_GENES	638		Rejected!	
PTPRA_TARGET_GENES	129	100		
ADCYAP1_TARGET_GENES	11		Rejected!	
ATF6_TARGET_GENES	1063		Rejected!	
TFEB_TARGET_GENES	1387		Rejected!	
NR1D1_TARGET_GENES	120	104		
ZNF10_TARGET_GENES	821		Rejected!	
NME2_TARGET_GENES	70	45		
H1_6_TARGET_GENES	527	430		
MYF6_TARGET_GENES	17		Rejected!	
PAX7_TARGET_GENES	712		Rejected!	
PAX3_TARGET_GENES	1807		Rejected!	
MCM3_TARGET_GENES	189	171		
NFKBIA_TARGET_GENES	1317		Rejected!	
DNMT1_TARGET_GENES	181	155		
PAX6_TARGET_GENES	768		Rejected!	
HMGB2_TARGET_GENES	400	327		
MAPK3_TARGET_GENES	65	47		
RPA1_TARGET_GENES	56	36		
PSMB5_TARGET_GENES	307	230		
MSX1_TARGET_GENES	202	173		
SMARCA1_TARGET_GENES	136	104		
MZF1_TARGET_GENES	1451		Rejected!	
RBL1_TARGET_GENES	48	42		
GTF2E2_TARGET_GENES	411	299		
HOXA10_TARGET_GENES	273	239		
HOXA7_TARGET_GENES	115	106		
HOXA13_TARGET_GENES	55	43		
HOXC13_TARGET_GENES	121	105		
HOXD11_TARGET_GENES	148	135		
CIITA_TARGET_GENES	1214		Rejected!	
MCM5_TARGET_GENES	8		Rejected!	
PCGF2_TARGET_GENES	895		Rejected!	
RORA_TARGET_GENES	262	228		
MSX2_TARGET_GENES	11		Rejected!	
NUP214_TARGET_GENES	11		Rejected!	
SOX11_TARGET_GENES	44	43		
TCF7_TARGET_GENES	1987		Rejected!	
RBMX_TARGET_GENES	7		Rejected!	
CUX1_TARGET_GENES	641		Rejected!	
ID1_TARGET_GENES	1268		Rejected!	
SOX3_TARGET_GENES	550	444		
CASP3_TARGET_GENES	15		Rejected!	
RBM34_TARGET_GENES	1038		Rejected!	
NR4A2_TARGET_GENES	5		Rejected!	
CBX5_TARGET_GENES	869		Rejected!	
CDX1_TARGET_GENES	42	35		
HOXA1_TARGET_GENES	1090		Rejected!	
MCM2_TARGET_GENES	61	58		
NUP153_TARGET_GENES	1634		Rejected!	
ZNF165_TARGET_GENES	80	75		
MNX1_TARGET_GENES	5		Rejected!	
LHX2_TARGET_GENES	1177		Rejected!	
FXR1_TARGET_GENES	1011		Rejected!	
ZNF84_TARGET_GENES	2000		Rejected!	
BRCA2_TARGET_GENES	1416		Rejected!	
ZNF157_TARGET_GENES	61	46		
ZNF41_TARGET_GENES	98	78		
NR0B1_TARGET_GENES	233	207		
HDGF_TARGET_GENES	273	241		
GTF2A2_TARGET_GENES	522	404		
ZNF133_TARGET_GENES	154	126		
ZNF136_TARGET_GENES	9		Rejected!	
ZNF140_TARGET_GENES	562	462		
ZNF134_TARGET_GENES	864		Rejected!	
NKX2_5_TARGET_GENES	1231		Rejected!	
TERF1_TARGET_GENES	295	233		
F2RL1_TARGET_GENES	6		Rejected!	
CDH4_TARGET_GENES	84	64		
FOXG1_TARGET_GENES	587		Rejected!	
DLX6_TARGET_GENES	596		Rejected!	
HDAC4_TARGET_GENES	681		Rejected!	
SOX10_TARGET_GENES	301	217		
ZNF445_TARGET_GENES	8		Rejected!	
ISL1_TARGET_GENES	803		Rejected!	
TBPL1_TARGET_GENES	144	97		
SUMO1_TARGET_GENES	925		Rejected!	
UBE2I_TARGET_GENES	70	61		
YBX1_TARGET_GENES	74	56		
PITX1_TARGET_GENES	345	314		
SRPK2_TARGET_GENES	80	44		
IRX3_TARGET_GENES	52	48		
NKX6_1_TARGET_GENES	33	20		
PRKDC_TARGET_GENES	875		Rejected!	
FOXO4_TARGET_GENES	299	261		
TFAM_TARGET_GENES	59		Rejected!	
IRF9_TARGET_GENES	1857		Rejected!	
MDM2_TARGET_GENES	13		Rejected!	
SATB1_TARGET_GENES	1985		Rejected!	
EWSR1_TARGET_GENES	846		Rejected!	
GUCY1B1_TARGET_GENES	686		Rejected!	
ID2_TARGET_GENES	1086		Rejected!	
MAP2K1_TARGET_GENES	9		Rejected!	
TOP2B_TARGET_GENES	613		Rejected!	
HHEX_TARGET_GENES	1035		Rejected!	
LMNB2_TARGET_GENES	38	30		
CEBPZ_TARGET_GENES	1520		Rejected!	
ZNF85_TARGET_GENES	327	282		
HSF2_TARGET_GENES	246	209		
ZNF92_TARGET_GENES	1440		Rejected!	
EMX1_TARGET_GENES	226	192		
MXD1_TARGET_GENES	159	136		
MEF2C_TARGET_GENES	796		Rejected!	
PAX8_TARGET_GENES	88	78		
ZNF33A_TARGET_GENES	251	198		
ZFP36L1_TARGET_GENES	27	18		
DLX2_TARGET_GENES	287	221		
PPARA_TARGET_GENES	66	59		
ZNF816_TARGET_GENES	456	391		
DBP_TARGET_GENES	834		Rejected!	
GTF3C1_TARGET_GENES	7		Rejected!	
TFCP2_TARGET_GENES	75	63		
BPTF_TARGET_GENES	787		Rejected!	
FOXF1_TARGET_GENES	7		Rejected!	
FOXF2_TARGET_GENES	5		Rejected!	
FOXC1_TARGET_GENES	46	35		
CHAF1A_TARGET_GENES	97	84		
CHAF1B_TARGET_GENES	981		Rejected!	
RLF_TARGET_GENES	345	299		
ERCC8_TARGET_GENES	16		Rejected!	
SRSF9_TARGET_GENES	923		Rejected!	
NR5A1_TARGET_GENES	19		Rejected!	
SKP2_TARGET_GENES	69	43		
ATM_TARGET_GENES	16		Rejected!	
ZNF211_TARGET_GENES	7		Rejected!	
ILK_TARGET_GENES	25	18		
TCOF1_TARGET_GENES	14		Rejected!	
SNAPC2_TARGET_GENES	13		Rejected!	
SQSTM1_TARGET_GENES	51	34		
IRF5_TARGET_GENES	834		Rejected!	
DYRK1A_TARGET_GENES	774		Rejected!	
LAMB3_TARGET_GENES	9		Rejected!	
NCOA4_TARGET_GENES	833		Rejected!	
SAFB2_TARGET_GENES	808		Rejected!	
TFDP2_TARGET_GENES	5		Rejected!	
WRN_TARGET_GENES	15		Rejected!	
NPAT_TARGET_GENES	277	222		
E2F2_TARGET_GENES	1481		Rejected!	
CSHL1_TARGET_GENES	245	199		
NFE2L1_TARGET_GENES	1875		Rejected!	
NCOA6_TARGET_GENES	354	307		
MEF2D_TARGET_GENES	654		Rejected!	
ARID5B_TARGET_GENES	935		Rejected!	
ZNF169_TARGET_GENES	46	40		
ATXN7L3_TARGET_GENES	281	257		
ZNF146_TARGET_GENES	1277		Rejected!	
ZMYND11_TARGET_GENES	53	39		
E2F5_TARGET_GENES	1273		Rejected!	
SIX1_TARGET_GENES	376	288		
TERF2_TARGET_GENES	136	105		
TEAD2_TARGET_GENES	1494		Rejected!	
NCOA2_TARGET_GENES	530	423		
TRIP13_TARGET_GENES	96	71		
ELF2_TARGET_GENES	1492		Rejected!	
NAB2_TARGET_GENES	1512		Rejected!	
CEBPE_TARGET_GENES	35	22		
NEUROD2_TARGET_GENES	6		Rejected!	
ZFHX3_TARGET_GENES	1857		Rejected!	
ZNF239_TARGET_GENES	38	32		
POU2AF1_TARGET_GENES	922		Rejected!	
TAZ_TARGET_GENES	480	390		
SMN1_SMN2_TARGET_GENES	922		Rejected!	
ZSCAN26_TARGET_GENES	5		Rejected!	
RFX7_TARGET_GENES	500	453		
ZNF423_TARGET_GENES	1064		Rejected!	
ZNF791_TARGET_GENES	66	40		
ZNF528_TARGET_GENES	793		Rejected!	
ZSCAN23_TARGET_GENES	87	69		
ZNF260_TARGET_GENES	500	455		
ZNF404_TARGET_GENES	21	18		
ZBED5_TARGET_GENES	1001		Rejected!	
GREB1_TARGET_GENES	941		Rejected!	
ZNF585B_TARGET_GENES	130	105		
ZNF394_TARGET_GENES	383	336		
COBLL1_TARGET_GENES	149	118		
ZNF766_TARGET_GENES	1196		Rejected!	
ZNF667_TARGET_GENES	148	133		
SNAPC4_TARGET_GENES	138	67		
ZNF362_TARGET_GENES	628		Rejected!	
ZNF618_TARGET_GENES	1451		Rejected!	
ZNF697_TARGET_GENES	92	56		
ZNF318_TARGET_GENES	495	417		
ZNF776_TARGET_GENES	8		Rejected!	
ZNF626_TARGET_GENES	12		Rejected!	
ZNF660_TARGET_GENES	791		Rejected!	
HMBOX1_TARGET_GENES	1179		Rejected!	
ZNF746_TARGET_GENES	79	64		
ZNF774_TARGET_GENES	8		Rejected!	
CAVIN1_TARGET_GENES	90	71		
CDC73_TARGET_GENES	517	453		
CC2D1A_TARGET_GENES	1245		Rejected!	
ZNF529_TARGET_GENES	30	20		
NFRKB_TARGET_GENES	1843		Rejected!	
ZNF530_TARGET_GENES	6		Rejected!	
ZNF549_TARGET_GENES	594		Rejected!	
ZNF449_TARGET_GENES	1346		Rejected!	
CTR9_TARGET_GENES	66	52		
FOXR2_TARGET_GENES	234	197		
ZNF322_TARGET_GENES	940		Rejected!	
DPPA3_TARGET_GENES	8		Rejected!	
KDM7A_TARGET_GENES	1840		Rejected!	
AEBP2_TARGET_GENES	1033		Rejected!	
NFXL1_TARGET_GENES	369	300		
ZNF704_TARGET_GENES	66	63		
SRCAP_TARGET_GENES	530	406		
ZBTB49_TARGET_GENES	5		Rejected!	
TSHZ1_TARGET_GENES	191	153		
CREB3L2_TARGET_GENES	131	115		
MED25_TARGET_GENES	111	67		
ASXL2_TARGET_GENES	25	20		
SETX_TARGET_GENES	1946		Rejected!	
ZSCAN2_TARGET_GENES	908		Rejected!	
PBRM1_TARGET_GENES	8		Rejected!	
ZNF329_TARGET_GENES	586	500		
ZNF589_TARGET_GENES	688		Rejected!	
ZNF410_TARGET_GENES	623		Rejected!	
ZSCAN30_TARGET_GENES	1756		Rejected!	
CARM1_TARGET_GENES	13		Rejected!	
ZNF677_TARGET_GENES	133	105		
ZNF354C_TARGET_GENES	5		Rejected!	
ZNF584_TARGET_GENES	183	152		
ZNF547_TARGET_GENES	149	133		
ARID3B_TARGET_GENES	115	77		
ZSCAN29_TARGET_GENES	1888		Rejected!	
ZNF595_TARGET_GENES	90	82		
ZZZ3_TARGET_GENES	121	110		
ZNF34_TARGET_GENES	70	61		
ZNF101_TARGET_GENES	234	216		
SS18_SSX1_FUSION_UNIPROT_Q8IZH1_UNREVIEWED_TARGET_GENES	93	81		
ZNF654_TARGET_GENES	628	459		
MYOCD_TARGET_GENES	572	437		
MIER1_TARGET_GENES	375	272		
ZFP82_TARGET_GENES	44	31		
BCL6B_TARGET_GENES	168	141		
PIAS4_TARGET_GENES	78	55		
ZNF664_TARGET_GENES	985		Rejected!	
LCORL_TARGET_GENES	455	375		
PGBD5_TARGET_GENES	21	16		
ZNF843_TARGET_GENES	891		Rejected!	
RYBP_TARGET_GENES	1858		Rejected!	
ZNF561_TARGET_GENES	867		Rejected!	
PAF1_TARGET_GENES	77	59		
ZNF433_TARGET_GENES	66	48		
ZNF781_TARGET_GENES	204	128		
ZNF513_TARGET_GENES	772		Rejected!	
ZNF491_TARGET_GENES	10		Rejected!	
ZNF454_TARGET_GENES	19		Rejected!	
BANP_TARGET_GENES	748		Rejected!	
ZNF610_TARGET_GENES	894		Rejected!	
ZNF579_TARGET_GENES	652		Rejected!	
ZSCAN4_TARGET_GENES	1020		Rejected!	
KDM1B_TARGET_GENES	102	79		
ZNF784_TARGET_GENES	397	361		
HJURP_TARGET_GENES	28	22		
ZBTB44_TARGET_GENES	325	286		
ZNF740_TARGET_GENES	1306		Rejected!	
ZNF548_TARGET_GENES	45	33		
ZNF680_TARGET_GENES	631		Rejected!	
SUPT20H_TARGET_GENES	1281		Rejected!	
ZNF555_TARGET_GENES	75	45		
TET1_TARGET_GENES	855		Rejected!	
ZFP28_TARGET_GENES	126	71		
ZNF563_TARGET_GENES	646	495		
SNIP1_TARGET_GENES	771		Rejected!	
NKX2_3_TARGET_GENES	539	474		
ZSCAN18_TARGET_GENES	48	42		
BAHD1_TARGET_GENES	39	20		
ZNF502_TARGET_GENES	35	28		
ZNF596_TARGET_GENES	656	483		
ZNF507_TARGET_GENES	653		Rejected!	
KLF14_TARGET_GENES	253	217		
CREB3L4_TARGET_GENES	1418		Rejected!	
ZNF418_TARGET_GENES	43	25		
SETD7_TARGET_GENES	991		Rejected!	
AUTS2_TARGET_GENES	451	403		
JDP2_TARGET_GENES	1891		Rejected!	
HSD17B8_TARGET_GENES	659		Rejected!	
MAML1_TARGET_GENES	312	243		
ZNF592_TARGET_GENES	1890		Rejected!	
GTF3A_TARGET_GENES	77		Rejected!	
KAT2A_TARGET_GENES	1157		Rejected!	
DLX4_TARGET_GENES	857		Rejected!	
KAT5_TARGET_GENES	910		Rejected!	
BRF1_TARGET_GENES	64	49		
ZNF622_TARGET_GENES	68	60		
PBXIP1_TARGET_GENES	277	178		
PHF21A_TARGET_GENES	284	242		
ZNF669_TARGET_GENES	131	104		
CENPT_TARGET_GENES	83	57		
ZNF707_TARGET_GENES	53	37		
ZNF524_TARGET_GENES	355	330		
ZNF501_TARGET_GENES	13		Rejected!	
ZNF837_TARGET_GENES	9		Rejected!	
MCRS1_TARGET_GENES	39	33		
SIPA1_TARGET_GENES	147	110		
HMCES_TARGET_GENES	22		Rejected!	
ZNF274_TARGET_GENES	1098		Rejected!	
ZNF486_TARGET_GENES	294	154		
ZNF419_TARGET_GENES	8		Rejected!	
RBM17_TARGET_GENES	7		Rejected!	
RAX2_TARGET_GENES	72	63		
CHAMP1_TARGET_GENES	208	157		
ZFP91_TARGET_GENES	1442		Rejected!	
ZNF514_TARGET_GENES	8		Rejected!	
ZNF512B_TARGET_GENES	218	183		
ZNF354B_TARGET_GENES	204	184		
ZSCAN31_TARGET_GENES	927		Rejected!	
ZNF597_TARGET_GENES	877		Rejected!	
ZNF512_TARGET_GENES	441	331		
ZNF488_TARGET_GENES	44	31		
ZNF560_TARGET_GENES	50	36		
ZNF830_TARGET_GENES	283	255		
ZNF558_TARGET_GENES	312	236		
ZNF582_TARGET_GENES	75	61		
ZFP3_TARGET_GENES	355	298		
ZIM3_TARGET_GENES	1171		Rejected!	
LMTK3_TARGET_GENES	592	440		
ALKBH3_TARGET_GENES	438	384		
NR1H4_TARGET_GENES	315	253		
CIC_TARGET_GENES	411	356		
WRNIP1_TARGET_GENES	1000		Rejected!	
SRPK1_TARGET_GENES	342	298		
ATOH8_TARGET_GENES	36	26		
RBM15_TARGET_GENES	145	114		
INSM2_TARGET_GENES	836		Rejected!	
CDC5L_TARGET_GENES	334	226		
MPHOSPH8_TARGET_GENES	10		Rejected!	
FEV_TARGET_GENES	1658		Rejected!	
ZBTB18_TARGET_GENES	843		Rejected!	
PHB2_TARGET_GENES	198	144		
ZNF184_TARGET_GENES	1496		Rejected!	
SIGMAR1_TARGET_GENES	15		Rejected!	
EBNA1BP2_TARGET_GENES	373	306		
ZNF2_TARGET_GENES	1185		Rejected!	
ZNF577_TARGET_GENES	522	415		
PCGF1_TARGET_GENES	546	493		
DIDO1_TARGET_GENES	1624		Rejected!	
ZNF426_TARGET_GENES	88	57		
ZNF416_TARGET_GENES	5		Rejected!	
HDAC8_TARGET_GENES	132	111		
KDM5D_TARGET_GENES	1628		Rejected!	
PCGF6_TARGET_GENES	68	63		
BACH2_TARGET_GENES	1998		Rejected!	
BARHL1_TARGET_GENES	1146		Rejected!	
IRX2_TARGET_GENES	162	149		
FOXQ1_TARGET_GENES	38	37		
ZNF436_TARGET_GENES	502	400		
ZNF407_TARGET_GENES	1970		Rejected!	
ZNF350_TARGET_GENES	1470		Rejected!	
HOXD1_TARGET_GENES	77	52		
ALX4_TARGET_GENES	32	27		
EPC1_TARGET_GENES	218	199		
ADNP_TARGET_GENES	94	80		
PRDM12_TARGET_GENES	150	99		
ZNF768_TARGET_GENES	1346		Rejected!	
STN1_TARGET_GENES	11		Rejected!	
TDRD3_TARGET_GENES	5		Rejected!	
VRTN_TARGET_GENES	23		Rejected!	
BRF2_TARGET_GENES	20		Rejected!	
TAF9B_TARGET_GENES	565	475		
BARX1_TARGET_GENES	1264		Rejected!	
ARNT2_TARGET_GENES	673		Rejected!	
HES4_TARGET_GENES	597		Rejected!	
ZNF532_TARGET_GENES	65	57		
METTL14_TARGET_GENES	155	114		
UBN1_TARGET_GENES	1779		Rejected!	
LHX9_TARGET_GENES	1563		Rejected!	
PRDM5_TARGET_GENES	121	74		
ZNF331_TARGET_GENES	366	301		
ZNF302_TARGET_GENES	6		Rejected!	
ASH1L_TARGET_GENES	1446		Rejected!	
DROSHA_TARGET_GENES	69	47		
ARHGAP35_TARGET_GENES	119	94		
SIRT3_TARGET_GENES	59	39		
THAP1_TARGET_GENES	1985		Rejected!	
ZNF586_TARGET_GENES	34	28		
UBP1_TARGET_GENES	1915		Rejected!	
ADA2_TARGET_GENES	846		Rejected!	
ZNF224_TARGET_GENES	1037		Rejected!	
FOXJ2_TARGET_GENES	591		Rejected!	
ZNF581_TARGET_GENES	327	298		
HMG20B_TARGET_GENES	1922		Rejected!	
PPARGC1A_TARGET_GENES	100	91		
HEY2_TARGET_GENES	74	56		
LHX3_TARGET_GENES	37	20		
ZMYM2_TARGET_GENES	129	117		
ZNF282_TARGET_GENES	1058		Rejected!	
SFMBT1_TARGET_GENES	1661		Rejected!	
NUFIP1_TARGET_GENES	47	33		
DACH1_TARGET_GENES	987		Rejected!	
SIX4_TARGET_GENES	42	35		
ZNF391_TARGET_GENES	954		Rejected!	
SALL4_TARGET_GENES	1838		Rejected!	
ZNF112_TARGET_GENES	7		Rejected!	
FOXD3_TARGET_GENES	35	33		
ZNF223_TARGET_GENES	322	277		
TASOR_TARGET_GENES	290	235		
CASP8AP2_TARGET_GENES	341	284		
PRDM4_TARGET_GENES	456	388		
ELF5_TARGET_GENES	444	399		
ZNF236_TARGET_GENES	212	194		
ZNF214_TARGET_GENES	7		Rejected!	
ZNF777_TARGET_GENES	49	43		
ZNF490_TARGET_GENES	350	249		
HSF4_TARGET_GENES	17		Rejected!	
NOTCH3_TARGET_GENES	1135		Rejected!	
ZA_UNIPROT_Q9UM89_UNREVIEWED_TARGET_GENES	57	48		
BARX2_TARGET_GENES	1723		Rejected!	
DICER1_TARGET_GENES	69	52		
RUVBL2_TARGET_GENES	38	34		
RUVBL1_TARGET_GENES	180	151		
ATF5_TARGET_GENES	458	378		
ZNF510_TARGET_GENES	41	34		
ZBTB1_TARGET_GENES	115	98		
ZNF257_TARGET_GENES	559	487		
THRAP3_TARGET_GENES	29	20		
MED16_TARGET_GENES	47	23		
ZBTB12_TARGET_GENES	1297		Rejected!	
ZNF711_TARGET_GENES	1728		Rejected!	
ZNF175_TARGET_GENES	840		Rejected!	
NFE2L3_TARGET_GENES	16		Rejected!	
NEUROG3_TARGET_GENES	24	20		
HES2_TARGET_GENES	1420		Rejected!	
ZSCAN21_TARGET_GENES	504	437		
SUPT16H_TARGET_GENES	1944		Rejected!	
DMRT1_TARGET_GENES	410	357		
NR2E3_TARGET_GENES	6		Rejected!	
DNMT3A_TARGET_GENES	593	484		
ZFP37_TARGET_GENES	6		Rejected!	
SETBP1_TARGET_GENES	186	163		
MORC2_TARGET_GENES	1954		Rejected!	
AAANWWTGC_UNKNOWN	195	155		
AAAYRNCTG_UNKNOWN	375	306		
MYOD_01	269	213		
E47_01	255	203		
CMYB_01	255	219		
AP4_01	265	215		
AACTTT_UNKNOWN	1928		Rejected!	
MEF2_01	148	105		
ELK1_01	275	255		
SP1_01	239	208		
EVI1_06	23	17		
ATF_01	267	223		
HOX13_01	46	34		
ELK1_02	256	248		
RSRFC4_01	249	185		
CETS1P54_01	265	255		
AACWWCAANK_UNKNOWN	146	132		
P300_01	256	213		
NFE2_01	275	234		
CREB_01	268	229		
CREBP1_01	183	158		
CREBP1CJUN_01	264	220		
SOX5_01	268	221		
E4BP4_01	223	189		
NFKAPPAB65_01	241	204		
CREL_01	257	220		
AACYNNNNTTCCS_UNKNOWN	101	90		
NFKAPPAB_01	255	216		
NMYC_01	280	239		
MYOGNF1_01	48	36		
COMP1_01	118	89		
HEN1_02	200	174		
YY1_01	252	211		
IRF1_01	255	204		
IRF2_01	129	112		
TAL1BETAE47_01	255	189		
TAL1ALPHAE47_01	258	197		
AAGWWRNYGGC_UNKNOWN	123	113		
HEN1_01	200	167		
YY1_02	251	237		
TAL1BETAITF2_01	266	204		
E47_02	254	203		
CP2_01	260	209		
GATA1_01	247	198		
GATA2_01	105	92		
GATA3_01	245	188		
EVI1_01	16		Rejected!	
EVI1_02	137	98		
ACAWNRNSRCGG_UNKNOWN	64	61		
EVI1_03	58	39		
EVI1_04	241	173		
EVI1_05	174	129		
MZF1_01	240	202		
MZF1_02	236	202		
ZID_01	269	220		
IK1_01	282	226		
IK2_01	273	218		
IK3_01	229	184		
CDP_01	95	58		
ACAWYAAAG_UNKNOWN	107	76		
PBX1_01	260	185		
PAX6_01	102	78		
PAX2_01	59	49		
S8_01	247	178		
CDP_02	111	74		
CDPCR1_01	129	93		
CDPCR3HD_01	238	185		
NRF2_01	273	267		
CEBPB_01	267	221		
ACCTGTTG_UNKNOWN	160	127		
CREB_02	260	231		
TAXCREB_01	140	118		
CEBPA_01	256	207		
CEBPB_02	266	219		
MYCMAX_01	257	218		
MAX_01	266	232		
USF_01	264	242		
USF_02	278	242		
MYCMAX_02	272	220		
ACTAYRNNNCCCR_UNKNOWN	463	446		
PBX1_02	132	90		
GATA1_02	249	182		
GATA1_03	246	185		
GATA1_04	247	174		
HFH1_01	251	199		
FOXD3_01	202	158		
HNF3B_01	223	171		
HNF1_01	246	170		
TST1_01	265	190		
HNF4_01	273	219		
ACTWSNACTNY_UNKNOWN	106	98		
OCT1_01	271	203		
OCT1_02	214	144		
OCT1_03	236	180		
OCT1_04	243	172		
AHR_01	65	49		
LYF1_01	271	220		
PAX5_01	156	133		
PAX5_02	17	16		
BRN2_01	240	172		
HSF1_01	276	221		
AGCYRWTTC_UNKNOWN	121	93		
HSF2_01	259	203		
SRY_01	228	190		
SRF_01	51	41		
ARP1_01	167	128		
RORA1_01	248	201		
RORA2_01	156	122		
COUP_01	265	215		
CEBP_01	277	213		
SRY_02	259	211		
OCT1_05	255	184		
ARGGGTTAA_UNKNOWN	122	101		
OCT1_06	268	199		
AP1FJ_Q2	271	231		
AP1_Q2	265	223		
AP1_Q6	259	220		
AP4_Q5	272	219		
AP4_Q6	225	176		
CREB_Q2	269	238		
CREB_Q4	272	239		
CREBP1_Q2	260	223		
MYB_Q6	257	214		
ATCMNTCCGY_UNKNOWN	53	49		
MYOD_Q6	249	195		
NFY_Q6	263	210		
SRF_Q6	248	198		
USF_Q6	264	230		
AP1_Q4	271	235		
AP2_Q6	259	217		
CEBP_Q2	238	189		
ER_Q6	284	222		
GR_Q6	275	205		
NF1_Q6	270	213		
ATGGYGGA_UNKNOWN	105	97		
NFKB_Q6	258	228		
OCT1_Q6	272	211		
SP1_Q6	260	233		
AP1_C	276	232		
CEBP_C	207	172		
GATA_C	268	196		
GRE_C	129	97		
HNF1_C	249	173		
NFKB_C	268	230		
NFY_C	250	201		
CAGNWMCNNNGAC_UNKNOWN	88	48		
OCT_C	270	194		
SEF1_C	6		Rejected!	
SRF_C	215	179		
TATA_C	285	210		
USF_C	284	244		
SREBP1_01	174	151		
SREBP1_02	88	75		
HAND1E47_01	284	206		
STAT_01	258	223		
STAT1_01	69	63		
CAGNYGKNAAA_UNKNOWN	78	60		
STAT3_01	22	20		
MEF2_02	236	173		
MEF2_03	240	183		
MEF2_04	26	21		
AHRARNT_01	142	118		
ARNT_01	271	232		
AHRARNT_02	15		Rejected!	
NKX25_01	127	88		
NKX25_02	267	195		
PPARA_01	37	32		
CATRRAGC_UNKNOWN	139	106		
EGR1_01	269	240		
NGFIC_01	255	221		
EGR3_01	83	69		
EGR2_01	198	165		
OCT1_07	168	133		
CHOP_01	239	190		
GFI1_01	265	204		
XBP1_01	135	115		
TATA_01	256	161		
NRSF_01	97	47		
CCAATNNSNNNGCG_UNKNOWN	60	53		
RREB1_01	209	169		
ISRE_01	253	208		
HLF_01	259	212		
OLF1_01	275	221		
AML1_01	271	236		
P53_02	255	208		
LMO2COM_01	265	212		
LMO2COM_02	244	188		
MIF1_01	186	162		
RFX1_01	263	223		
CCANNAGRKGGC_UNKNOWN	120	94		
RFX1_02	286	239		
TCF11MAFG_01	206	173		
TCF11_01	258	208		
NFY_01	261	221		
HFH3_01	196	158		
FREAC2_01	264	212		
FREAC3_01	257	201		
FREAC4_01	153	117		
FREAC7_01	200	156		
HFH8_01	208	171		
CCAWNWWNNNGGC_UNKNOWN	87	76		
NFAT_Q6	249	186		
MYCMAX_B	273	235		
PAX3_B	91	78		
PAX8_B	106	79		
WHN_B	261	212		
ZF5_B	243	204		
ATF_B	191	154		
ETS1_B	268	239		
ETS2_B	281	249		
GABP_B	265	258		
CCAWYNNGAAR_UNKNOWN	148	127		
OCT1_B	269	206		
GATA1_05	284	211		
PAX4_01	268	233		
PAX4_02	241	178		
PAX4_03	256	218		
PAX4_04	223	178		
MSX1_01	175	128		
HOXA3_01	14		Rejected!	
EN1_01	111	89		
CCCNNNNNNAAGWT_UNKNOWN	104	93		
AMEF2_Q6	265	197		
MMEF2_Q6	274	204		
HMEF2_Q6	141	95		
RSRFC4_Q2	217	162		
SOX9_B1	238	202		
HNF4_01_B	257	210		
AREB6_01	274	211		
AREB6_02	259	207		
AREB6_03	263	223		
AREB6_04	253	196		
CCGNMNNTNACG_UNKNOWN	79	74		
CART1_01	229	164		
TGIF_01	254	205		
MEIS1_01	249	201		
MEIS1AHOXA9_01	121	82		
MEIS1BHOXA9_01	144	96		
FOXJ2_01	187	149		
FOXJ2_02	243	188		
NKX61_01	235	175		
CCTNTMAGA_UNKNOWN	134	114		
TITF1_Q3	244	192		
IPF1_Q4	258	190		
CHX10_01	228	156		
VDR_Q3	232	199		
SPZ1_01	235	202		
CGGAARNGGCNG_UNKNOWN	56	53		
AR_Q2	126	107		
ZIC1_01	266	220		
ZIC2_01	252	211		
ZIC3_01	255	205		
NKX3A_01	238	166		
IRF7_01	258	203		
FAC1_01	224	181		
STAT5A_01	259	216		
STAT5B_01	255	202		
STAT5A_02	143	113		
CRGAARNNNNCGA_UNKNOWN	48	46		
GATA6_01	268	198		
POU3F2_01	102	66		
POU3F2_02	265	187		
POU6F1_01	240	167		
HIF1_Q5	249	216		
AP2REP_01	182	147		
AP2ALPHA_01	243	212		
AP2GAMMA_01	252	217		
TBP_01	248	180		
CTCNANGTGNY_UNKNOWN	94	73		
FOXO4_01	246	201		
FOXO1_01	248	197		
FOXO1_02	249	214		
FOXO4_02	263	226		
FOXO3_01	251	207		
CDC5_01	266	200		
AR_01	159	134		
PITX2_Q2	264	196		
ATF6_01	126	103		
NCX_01	176	136		
CTGCAGY_UNKNOWN	779		Rejected!	
NKX22_01	192	148		
PAX2_02	265	214		
NKX62_Q2	246	182		
BACH2_01	273	231		
MAZR_01	224	191		
STAT1_02	263	230		
STAT5A_03	274	216		
STAT6_01	272	216		
BACH1_01	263	217		
STAT1_03	254	207		
CTGRYYYNATT_UNKNOWN	74	50		
STAT3_02	148	122		
STAT4_01	268	209		
STAT5A_04	214	172		
STAT6_02	260	223		
LHX3_01	232	150		
ERR1_Q2	267	228		
PPARG_01	47	39		
ATF3_Q6	253	213		
ATF4_Q2	260	229		
CTGYNNCTYTAA_UNKNOWN	88	66		
AP1_01	271	226		
PPARA_02	133	118		
GNCF_01	78	61		
NERF_Q2	254	230		
RP58_01	212	159		
HTF_01	71	60		
ARNT_02	256	227		
MYCMAX_03	264	228		
AFP1_Q6	268	193		
ALX4_01	16		Rejected!	
CTTTAAR_UNKNOWN	994		Rejected!	
CEBPDELTA_Q6	247	206		
CEBPGAMMA_Q6	259	200		
CRX_Q4	274	202		
DBP_Q6	265	205		
EFC_Q6	275	225		
FOXM1_01	248	199		
FXR_Q3	114	85		
GATA4_Q3	253	199		
GCM_Q2	245	199		
HNF4ALPHA_Q6	271	222		
CYTAGCAAY_UNKNOWN	151	138		
HNF6_Q6	239	175		
HOXA4_Q2	272	198		
HSF_Q6	209	164		
LBP1_Q6	222	182		
LFA1_Q6	251	199		
LXR_Q3	81	65		
MAF_Q6	264	226		
MAZ_Q6	193	167		
MTF1_Q4	256	219		
NFMUE1_Q6	250	239		
GAANYNYGACNY_UNKNOWN	76	63		
NRF1_Q6	262	251		
PEA3_Q6	263	244		
PTF1BETA_Q6	246	205		
PU1_Q6	236	207		
SP3_Q3	249	217		
TCF1P_Q6	271	225		
TCF4_Q5	244	177		
TEF_Q6	262	203		
TEL2_Q6	240	233		
ALPHACP1_01	263	221		
GATGKMRGCG_UNKNOWN	66	62		
AP3_Q6	251	177		
ATF1_Q6	237	188		
E12_Q6	265	219		
E4F1_Q6	292	261		
ETF_Q6	119	106		
HEB_Q6	269	209		
ICSBP_Q6	253	216		
SMAD3_Q6	242	185		
TEF1_Q6	227	191		
TFIII_Q6	207	169		
GCCNNNWTAAR_UNKNOWN	152	126		
TFIIA_Q6	256	208		
MYOGENIN_Q6	259	211		
ZF5_01	237	200		
PAX8_01	39	32		
CACBINDINGPROTEIN_Q6	246	208		
CACCCBINDINGFACTOR_Q6	271	226		
COREBINDINGFACTOR_Q6	276	224		
HNF3ALPHA_Q6	211	171		
HP1SITEFACTOR_Q6	235	181		
USF2_Q6	254	223		
GCGNNANTTCC_UNKNOWN	125	122		
SF1_Q6	260	225		
CDX2_Q5	263	192		
OSF2_Q6	270	222		
SMAD4_Q6	244	199		
CIZ_01	254	202		
GCGSCMNTTT_UNKNOWN	71	64		
HFH4_01	205	153		
POU1F1_Q6	240	170		
LEF1_Q6	267	205		
ELF1_Q6	249	229		
IRF1_Q6	263	210		
SREBP1_Q6	247	203		
HMGIY_Q6	253	199		
AML1_Q6	271	236		
P53_DECAMER_Q2	258	220		
DR1_Q3	264	225		
GCTNWTTGK_UNKNOWN	310	246		
PPAR_DR1_Q2	264	221		
HNF4_DR1_Q3	267	226		
COUP_DR1_Q6	254	211		
LXR_DR4_Q3	93	76		
FXR_IR1_Q6	112	89		
AML_Q6	269	218		
CEBP_Q3	255	204		
ETS_Q4	252	234		
IRF_Q6	244	211		
MYB_Q3	253	211		
GGAANCGGAANY_UNKNOWN	110	106		
NFKB_Q6_01	237	207		
NFY_Q6_01	265	224		
SREBP_Q3	258	209		
STAT_Q6	264	221		
AHR_Q5	221	192		
GATA_Q6	201	140		
HNF1_Q6	256	173		
HNF3_Q6	192	138		
SMAD_Q6	258	212		
YY1_Q6	251	241		
GGAMTNNNNNTCCY_UNKNOWN	119	107		
TTF1_Q6	268	210		
OCT_Q6	267	205		
USF_Q6_01	244	225		
HIF1_Q3	236	208		
MYC_Q2	187	160		
AP2_Q3	255	211		
CREB_Q3	255	224		
PIT1_Q6	239	164		
E2F_Q2	180	161		
E2A_Q2	253	198		
GGARNTKYCCA_UNKNOWN	80	59		
LEF1_Q2	231	193		
NF1_Q6_01	276	211		
EGR_Q6	280	238		
PAX_Q6	264	204		
FOX_Q2	213	162		
SRF_Q4	230	189		
NRF2_Q4	258	220		
CEBP_Q2_01	272	226		
MYB_Q5_01	269	219		
ER_Q6_01	280	219		
GGCKCATGS_UNKNOWN	68	62		
AP2_Q6_01	271	231		
CREB_Q2_01	226	188		
CREB_Q4_01	217	184		
GR_Q6_01	281	228		
SRF_Q5_01	225	187		
AP1_Q2_01	274	227		
AP1_Q6_01	267	223		
GGCNKCCATNK_UNKNOWN	121	110		
AP1_Q4_01	264	221		
AP4_Q6_01	257	198		
MYOD_Q6_01	257	209		
OCT1_Q5_01	275	207		
SP1_Q6_01	248	226		
SP1_Q4_01	259	229		
SP1_Q2_01	250	222		
NFAT_Q4_01	267	212		
GGCNNMSMYNTTG_UNKNOWN	75	68		
MEF2_Q6_01	250	197		
CP2_02	253	207		
AR_02	40	35		
PR_01	149	122		
GR_01	203	165		
AR_03	58	51		
PR_02	135	108		
ER_Q6_02	259	202		
PR_Q2	269	201		
GGCNRNWCTTYS_UNKNOWN	85	80		
VDR_Q6	276	228		
AR_Q6	259	202		
T3R_Q6	256	193		
PXR_Q2	260	210		
DR4_Q2	266	219		
DR3_Q4	149	123		
HNF4_Q6	271	227		
GGGNRMNNYCAT_UNKNOWN	83	73		
GGGYGTGNY_UNKNOWN	686		Rejected!	
GKCGCNNNNNNNTGAYG_UNKNOWN	60	57		
GTCNYYATGR_UNKNOWN	120	102		
GTGGGTGK_UNKNOWN	297	232		
GTTGNYNNRGNAAC_UNKNOWN	111	98		
GTTNYYNNGGTNA_UNKNOWN	90	75		
GTTRYCATRR_UNKNOWN	176	147		
KCCGNSWTTT_UNKNOWN	108	102		
KMCATNNWGGA_UNKNOWN	97	87		
KRCTCNNNNMANAGC_UNKNOWN	66		Rejected!	
MCAATNNNNNGCG_UNKNOWN	85	77		
MYAATNNNNNNNGGC_UNKNOWN	112	88		
RAAGNYNNCTTY_UNKNOWN	148	120		
RACTNNRTTTNC_UNKNOWN	130	117		
RNCTGNYNRNCTGNY_UNKNOWN	87	67		
RNGTGGGC_UNKNOWN	784		Rejected!	
RNTCANNRNNYNATTW_UNKNOWN	64	49		
RRAGTTGT_UNKNOWN	257	210		
RTTTNNNYTGGM_UNKNOWN	155	121		
RYAAAKNNNNNNTTGW_UNKNOWN	84	64		
RYCACNNRNNRNCAG_UNKNOWN	76	61		
RYTAAWNNNTGAY_UNKNOWN	63	39		
RYTGCNWTGGNR_UNKNOWN	118	95		
SMTTTTGT_UNKNOWN	407	341		
SNACANNNYSYAGA_UNKNOWN	95	89		
SYATTGTG_UNKNOWN	232	183		
TAANNYSGCG_UNKNOWN	81	73		
TAAYNRNNTCC_UNKNOWN	174	130		
TCCATTKW_UNKNOWN	241	213		
TCCCRNNRTGC_UNKNOWN	216	199		
TGACATY_UNKNOWN	676		Rejected!	
TGCGCANK_UNKNOWN	554		Rejected!	
TGCTGAY_UNKNOWN	547	426		
TGGNNNNNNKCCAR_UNKNOWN	436	352		
TGTYNNNNNRGCARM_UNKNOWN	88	72		
TMTCGCGANR_UNKNOWN	166	160		
TNCATNTCCYR_UNKNOWN	137	121		
TTANTCA_UNKNOWN	967		Rejected!	
TTANWNANTGGM_UNKNOWN	65	46		
TTCYRGAA_UNKNOWN	340	274		
TTTNNANAGCYR_UNKNOWN	133	70		
WCAANNNYCAG_UNKNOWN	254	225		
WCTCNATGGY_UNKNOWN	83	78		
WGTTNNNNNAAA_UNKNOWN	554	447		
WTGAAAT_UNKNOWN	625	481		
WTTGKCTG_UNKNOWN	519	426		
WWTAAGGC_UNKNOWN	146	115		
WYAAANNRNNNGCG_UNKNOWN	65	50		
YAATNANRNNNCAG_UNKNOWN	70	52		
YAATNRNNNYNATT_UNKNOWN	104	79		
YATTNATC_UNKNOWN	382	272		
YCATTAA_UNKNOWN	567	418		
YGACNNYACAR_UNKNOWN	99	75		
YGCANTGCR_UNKNOWN	127	114		
YGCGYRCGC_UNKNOWN	326	299		
YGTCCTTGR_UNKNOWN	98	70		
YKACATTT_UNKNOWN	290	242		
YNGTTNNNATT_UNKNOWN	376	308		
YNTTTNNNANGCARM_UNKNOWN	72	46		
YRCCAKNNGNCGC_UNKNOWN	66	51		
YRTCANNRCGC_UNKNOWN	64	56		
YTAAYNGCT_UNKNOWN	154	121		
YTCCCRNNAGGY_UNKNOWN	74	66		
YTTCCNNNGGAMR_UNKNOWN	52	47		
YWATTWNNRGCT_UNKNOWN	71	57		
YYCATTCAWW_UNKNOWN	192	161		
RACCACAR_AML_Q6	268	230		
TGANTCA_AP1_C	1139		Rejected!	
CAGCTG_AP4_Q5	1530		Rejected!	
CAGGTA_AREB6_01	802		Rejected!	
TGACGTCA_ATF3_Q6	235	198		
TGAYRTCA_ATF3_Q6	549	428		
TTGCWCAAY_CEBPB_02	63	55		
TAATTA_CHX10_01	823		Rejected!	
TTAYRTAA_E4BP4_01	268	216		
GTGACGY_E4F1_Q6	671		Rejected!	
SCGGAAGY_ELK1_02	1242		Rejected!	
TGACCTY_ERR1_Q2	1064		Rejected!	
RYTTCCTG_ETS2_B	1112		Rejected!	
RTAAACA_FREAC2_01	938		Rejected!	
MGGAAGTG_GABP_B	771		Rejected!	
GATAAGR_GATA_C	299	217		
TGATTTRY_GFI1_01	296	202		
AAAYWAACM_HFH4_01	262	206		
RGTTAMWNATT_HNF1_01	74	48		
TGTTTGY_HNF3_Q6	748		Rejected!	
TTCNRGNNNNTTC_HSF_Q6	155	129		
RGAANNTTC_HSF1_01	458	376		
STTTCRNTTT_IRF_Q6	192	169		
CTTTGA_LEF1_Q2	1247		Rejected!	
YTAATTAA_LHX3_01	192	132		
YTATTTTNR_MEF2_02	715		Rejected!	
TGACAGNY_MEIS1_01	850		Rejected!	
RYTGCNNRGNAAC_MIF1_01	90	75		
CACGTG_MYC_Q2	1057		Rejected!	
GCANCTGNY_MYOD_Q6	935		Rejected!	
TGCCAAR_NF1_Q6	727		Rejected!	
TGGAAA_NFAT_Q4_01	1934		Rejected!	
TGASTMAGC_NFE2_01	195	171		
GGGNNTTTCC_NFKB_Q6_01	134	119		
GATTGGY_NFY_Q6_01	1177		Rejected!	
RCGCANGCGY_NRF1_Q6	949		Rejected!	
YATGNWAAT_OCT_C	367	260		
CCCNNGGGAR_OLF1_01	326	281		
CGTSACG_PAX3_B	149	136		
GGGTGGRR_PAX4_03	1310		Rejected!	
GGATTA_PITX2_Q2	594	445		
RGAGGAARY_PU1_Q6	515	448		
CTAWWWATA_RSRFC4_Q2	366	276		
TAAWWATAG_RSRFC4_Q2	172	134		
TGACCTTG_SF1_Q6	253	210		
CATTGTYY_SOX9_B1	368	314		
TCANNTGAY_SREBP1_01	479	414		
CCAWWNAAGG_SRF_Q4	88	68		
TTCYNRGAA_STAT5B_01	341	287		
TATAAA_TATA_01	1317		Rejected!	
TGANNYRGCA_TCF11MAFG_01	307	258		
WGGAATGY_TEF1_Q6	387	311		
GCCATNTTG_YY1_Q6	437	423		
E2F_01	68	59		
E2F_02	238	216		
CDPCR3_01	57	38		
TAXCREB_02	27	23		
PAX3_01	22	16		
E2F_Q3	228	207		
E2F_Q4	238	220		
E2F_Q6	236	217		
E2F1_Q3	247	223		
E2F1_Q4	249	226		
E2F1_Q6	236	216		
HMX1_01	43	33		
ROAZ_01	11		Rejected!	
E2F_03	249	228		
E2F1DP1_01	238	216		
E2F1DP2_01	238	216		
E2F4DP1_01	242	217		
E2F4DP2_01	238	216		
E2F1DP1RB_01	233	213		
E2F_Q3_01	236	217		
E2F_Q4_01	238	219		
E2F_Q6_01	242	215		
E2F1_Q3_01	250	223		
E2F1_Q4_01	229	211		
E2F1_Q6_01	243	226		
KTGGYRSGAA_UNKNOWN	77	69		
RRCCGTTA_UNKNOWN	88	83		
SGCGSSAAA_E2F1DP2_01	170	156		
